n,Integration value,Relative error,Time used
10,0.19842406,0.0293535014,3.7e-05
20,0.195249601,0.0128855401,0.0002
30,0.194379965,0.00837417623,0.001077
40,0.193965894,0.00622612143,0.002544
50,0.193722129,0.00496155785,0.004948
60,0.193561111,0.00412625288,0.006749
70,0.193446684,0.003532648,0.00872
80,0.19336113,0.00308882183,0.017651
90,0.193294721,0.00274431483,0.024813
100,0.193241666,0.00246908394,0.032552
