n,Integration value,Relative error,Time used
10,0.177080766,0.0813679217,0.041614
20,0.194785578,0.0104783536,1.689609
30,0.194778766,0.0104430137,19.030272
40,0.194668886,0.00987299617,107.916864
50,0.194515729,0.00907846939,450.987549
60,0.194366464,0.00830414008,1367.68734
70,0.194233685,0.007615327,3542.19861
80,0.194118358,0.00701705147,7806.5612
90,0.194018555,0.00649931016,15843.8615
100,0.193931894,0.00604974177,30130.9356
